{
	"format_version": "1.8.0",
	"animations": {
		"animation.mob.bob": {
			"loop": true,
			"bones": {
				"Kroot": {
					"position": [0, -0.5, 0]
				},
				"Kbody": {
					"rotation": ["-2-((math.cos(query.life_time * 100) * 2.7) - 1.5)", 0, 0],
					"position": [0, "-((math.cos(query.life_time * 103.2) * 0.2) * -0.2)", 0]
				},
				"LeftArmDown": {
					"rotation": [-10, 0, 0]
				},
				"RightArmDown": {
					"rotation": [-10, 0, 0]
				},
				"LeftArmUp": {
					"rotation": [0, 0, "-4-((math.cos(query.life_time * 105) * 2.8) + 2.8)"]
				},
				"RightArmUp": {
					"rotation": [0, 0, "4+((math.cos(query.life_time * 105) * 2.8) + 2.8)"]
				},
				"LeftLegUp": {
					"rotation": [-2.5, 0, -2]
				},
				"LeftLegDown": {
					"rotation": [5, 0, 0]
				},
				"RightLegUp": {
					"rotation": [-2.5, 0, 2]
				},
				"RightLegDown": {
					"rotation": [5, 0, 0]
				}
			}
		},
		"animation.mob.walk": {
			"loop": true,
			"animation_length": 0.58333,
			"bones": {
				"Kbody": {
					"rotation": ["15+Math.cos(query.life_time * 1200) * -7", "Math.cos(query.life_time * 600) * 15+query.target_y_rotation * 0.35", "Math.cos(query.life_time * 600) * -1-query.target_y_rotation * 0.275"]
				},
				"RightArmUp": {
					"rotation": ["1.5+Math.cos(query.life_time * 600) * 55", "-7.5+Math.cos(query.life_time * 600) * 7", 2.5]
				},
				"RightArmDown": {
					"rotation": ["-30+Math.cos(query.life_time * 600) * 25", 0, 0]
				},
				"LeftArmUp": {
					"rotation": ["1.5+Math.cos(query.life_time * 600) * -55", "-5+Math.cos(query.life_time * 600) * 7", -7.5]
				},
				"LeftArmDown": {
					"rotation": ["-30+Math.cos(query.life_time * 600) * -25", 0, 0]
				},
				"RightLegUp": {
					"rotation": ["-2+Math.cos(query.life_time * 600) * -65", 0, 0]
				},
				"RightLegDown": {
					"rotation": ["41+Math.sin(query.life_time * 600) * -35", 0, 0]
				},
				"LeftLegUp": {
					"rotation": ["-2+Math.cos(query.life_time * 600) * 65", 0, 0]
				},
				"LeftLegDown": {
					"rotation": ["41+Math.sin(query.life_time * 600) * 35", 0, 0]
				},
				"hat": {
					"rotation": [0, 0, -2.5]
				}
			}
		},
		"animation.mob.hinch": {
			"loop": true,
			"animation_length": 0.41667,
			"bones": {
				"Kroot": {
					"position": [0, -0.5, 0]
				},
				"Kbody": {
					"rotation": ["-2-((math.cos(query.life_time * 100) * 2.7) - 1.5)", 0, 0],
					"position": [0, "-((math.cos(query.life_time * 103.2) * 0.2) * -0.2)", 0]
				},
				"LeftArmDown": {
					"rotation": [-10, 0, 0]
				},
				"RightArmDown": {
					"rotation": [-40, 0, 0]
				},
				"LeftArmUp": {
					"rotation": [0, 0, "-4-((math.cos(query.life_time * 105) * 2.8) + 2.8)"]
				},
				"RightArmUp": {
					"rotation": {
						"0.0": [22.5, 0, "29+((math.cos(query.life_time * 105) * 2.8) + 2.8)"],
						"0.125": [-10, 0, "29+((math.cos(query.life_time * 105) * 2.8) + 2.8)"],
						"0.2917": [-52.5, 0, "29+((math.cos(query.life_time * 105) * 2.8) + 2.8)"],
						"0.375": [-20, 0, "29+((math.cos(query.life_time * 105) * 2.8) + 2.8)"]
					}
				},
				"LeftLegUp": {
					"rotation": [-2.5, 0, -2]
				},
				"LeftLegDown": {
					"rotation": [5, 0, 0]
				},
				"RightLegUp": {
					"rotation": [-2.5, 0, 2]
				},
				"RightLegDown": {
					"rotation": [5, 0, 0]
				},
				"Kwaist": {
					"rotation": {
						"0.0": [-22.5, 0, 0],
						"0.2917": [12.5, -20, 0],
						"0.4167": [5, -2.5, 0]
					}
				}
			}
		}
	}
}