{
	"format_version": "1.13.0",
	"minecraft:entity": {
		"description": {
			"identifier": "craft:orange",
			"is_spawnable": true,
			"is_summonable": true,
			"is_experimental": false
		},
		"component_groups": {
			"melee_mode": {
				"minecraft:attack": {
					"damage": 6
				},
				"minecraft:variant": {
					"value": 1
				},
				"minecraft:behavior.move_towards_target": {
					"priority": 2,
					"speed_multiplier": 0.9,
					"within_radius": 32
				},
				"minecraft:movement": {
					"value": 0.5
				}
			}
		},
		"components": {
			"minecraft:breathable": {
				"total_supply": 26,
				"suffocate_time": 0
			},
			"minecraft:type_family": {
				"family": [
					"mob"
				]
			},
			"minecraft:nameable": {},
			"minecraft:scale": {
				"value": 1.2
			},
			"minecraft:behavior.delayed_attack": {
				"priority": 2,
				"reach_multiplier": 1.8,
				"attack_duration": 0.75,
				"hit_delay_pct": 0.5,
				"track_target": true,
				"sound_event": "attack.strong"
			},
			"minecraft:collision_box": {
				"width": 0.6,
				"height": 1.8
			},
			"minecraft:mark_variant": {
				"value": 0
			},
			"minecraft:loot": {
				"table": "loot_tables/entities/none.json"
			},
			"minecraft:target_nearby_sensor": {
				"inside_range": 5,
				"on_inside_range": {
					"event": "melee",
					"target": "self"
				}
			},
			"minecraft:tick_world": {
				"never_despawn": true,
				"radius": 4
			},
			"minecraft:health": {
				"value": 110,
				"max": 110
			},
			"minecraft:hurt_on_condition": {
				"damage_conditions": [
					{
						"filters": {
							"test": "in_lava",
							"subject": "self",
							"operator": "==",
							"value": true
						},
						"cause": "lava",
						"damage_per_tick": 2
					}
				]
			},
			"minecraft:jump.static": {},
			"minecraft:behavior.target_when_pushed": {
				"priority": 1,
				"percent_chance": 5,
				"entity_types": [
					{
						"filters": {
							"all_of": [
								{
									"test": "is_family",
									"subject": "other",
									"value": "evil"
								},
								{
									"test": "is_family",
									"subject": "other",
									"operator": "!=",
									"value": "player"
								}
							]
						}
					}
				]
			},
			"minecraft:movement": {
				"value": 0.5
			},
			"minecraft:navigation.walk": {
				"can_path_over_water": false,
				"avoid_water": true,
				"avoid_damage_blocks": true,
				"avoid_portals": true
			},
			"minecraft:movement.basic": {},
			"minecraft:can_climb": {},
			"minecraft:knockback_resistance": {
				"value": 0.4
			},
			"minecraft:behavior.melee_attack": {
				"priority": 1,
				"track_target": true
			},
			"minecraft:behavior.random_stroll": {
				"priority": 6,
				"speed_multiplier": 0.6,
				"xz_dist": 16
			},
			"minecraft:behavior.look_at_player": {
				"priority": 7,
				"look_distance": 6,
				"probability": 0.02
			},
			"minecraft:behavior.random_look_around": {
				"priority": 8
			},
			"minecraft:behavior.nearest_attackable_target": {
				"priority": 2,
				"must_see": true,
				"reselect_targets": true,
				"within_radius": 25,
				"must_see_forget_duration": 17,
				"entity_types": [
					{
						"filters": {
							"any_of": [
								{
									"test": "is_family",
									"subject": "other",
									"value": "plank"
								},
								{
									"test": "is_family",
									"subject": "other",
									"value": "ravager"
								},
								{
									"test": "is_family",
									"subject": "other",
									"value": "irongolem"
								}
							]
						},
						"max_dist": 35
					},
					{
						"filters": {
							"any_of": [
								{
									"test": "is_family",
									"subject": "other",
									"value": "wom"
								},
								{
									"test": "is_family",
									"subject": "other",
									"value": "wandering_trader"
								}
							]
						},
						"max_dist": 35,
						"must_see": false
					}
				]
			},
			"minecraft:behavior.hurt_by_target": {
				"priority": 2,
				"entity_types": {
					"filters": {
						"test": "is_family",
						"subject": "other",
						"operator": "!=",
						"value": "mob"
					}
				}
			},
			"minecraft:behavior.float": {
				"priority": 0
			},
			"minecraft:persistent": {},
			"minecraft:physics": {},
			"minecraft:follow_range": {
				"value": 64
			},
			"minecraft:pushable": {
				"is_pushable": true,
				"is_pushable_by_piston": true
			}
		},
		"events": {
			"melee": {
				"add": {
					"component_groups": [
						"melee_mode"
					]
				}
			}
		}
	}
}