{
	"format_version": "1.8.0",
	"minecraft:client_entity": {
		"description": {
			"identifier": "craft:blue",
			"materials": {
				"default": "skeleton"
			},
			"textures": {
				"default": "textures/entity/blue/blue_body/blue_bod",
				"leye": "textures/entity/blue/lefteye/blue_leye",
				"crown": "textures/entity/blue/crown/blue_crown",
				"reye": "textures/entity/blue/righteye/blue_reye",
				"face": "textures/entity/blue/face/blue_face",
				"salv": "textures/entity/blue/bluesaliv/blue_slv"

			},
			"geometry": {
				"default": "geometry.bbod",
				"leye": "geometry.bleye",
				"reye": "geometry.breyz",
				"crown": "geometry.crown",
				"face": "geometry.face",
				"salv": "geometry.salv"
			},
			"scripts": {
				"pre_animation": [
					"variable.tcos0 = (Math.cos(query.modified_distance_moved * 38.17) * query.modified_move_speed / variable.gliding_speed_value) * 57.3;"
				]
			},
			"animations": {
				"look_at_target_default": "animation.humanoid.look_at_target.default",
				"move": "animation.humanoid.move",
				"attack.rotations": "animation.humanoid.attack.rotations"
			},
			"animation_controllers": [
				{
					"look_at_target": "controller.animation.humanoid.look_at_target"
				},
				{
					"move": "controller.animation.humanoid.move"
				},
				{
					"attack": "controller.animation.humanoid.attack"
				}
			],
			"spawn_egg": {
				"texture": "blue",
				"texture_index": 0
			},
			"render_controllers": [
				"controller.render.bbod",
				"controller.render.bleye",
				"controller.render.breyz",
				"controller.render.bcrown",
				"controller.render.bface",
				"controller.render.bsalv"
			],
			"enable_attachables": true
		}
	}
}