{
	"format_version": "1.8.0",
	"minecraft:client_entity": {
		"description": {
			"identifier": "craft:green",
			"materials": {
				"default": "skeleton"
			},
			"textures": {
				"default": "textures/entity/green/body/bod",
				"leye": "textures/entity/green/lefteye/leye",
				"prtz": "textures/entity/green/greenprts/parts",
				"reye": "textures/entity/green/lefteye/leye"

			},
			"geometry": {
				"default": "geometry.gbody",
				"leye": "geometry.gleye",
				"prtz": "geometry.gprtz",
				"reye": "geometry.greye"


			},
			"scripts": {
				"pre_animation": [
					"variable.tcos0 = (Math.cos(query.modified_distance_moved * 38.17) * query.modified_move_speed / variable.gliding_speed_value) * 57.3;"
				]
			},
			"animations": {
				"look_at_target_default": "animation.humanoid.look_at_target.default",
				"move": "animation.humanoid.move",
				"attack.rotations": "animation.humanoid.attack.rotations"
			},
			"animation_controllers": [
				{
					"look_at_target": "controller.animation.humanoid.look_at_target"
				},
				{
					"move": "controller.animation.humanoid.move"
				},
				{
					"attack": "controller.animation.humanoid.attack"
				}
			],
			"spawn_egg": {
				"texture": "green",
				"texture_index": 0
			},
			"render_controllers": [
				"controller.render.gbody",
				"controller.render.gleye",
				"controller.render.gprtz",
				"controller.render.greye"

			],
			"enable_attachables": true
		}
	}
}