{
	"format_version": "1.8.0",
	"minecraft:client_entity": {
		"description": {
			"identifier": "craft:orange",
			"materials": {
				"default": "skeleton"
			},
			"textures": {
				"default": "textures/entity/orange/body/body",
				"leye": "textures/entity/orange/lefteye/leye",
				"teth": "textures/entity/orange/teeth/teth",
				"reye": "textures/entity/orange/righteye/rye"
			},
			"geometry": {
				"default": "geometry.obody",
				"leye": "geometry.oleye",
				"teth": "geometry.oteth",
				"reye": "geometry.oreyz"
			},
			"scripts": {
				"pre_animation": [
					"variable.tcos0 = (Math.cos(query.modified_distance_moved * 38.17) * query.modified_move_speed / variable.gliding_speed_value) * 57.3;"
				]
			},
			"animations": {
				"look_at_target_default": "animation.humanoid.look_at_target.default",
				"move": "animation.humanoid.move",
				"attack.rotations": "animation.humanoid.attack.rotations"
			},
			"animation_controllers": [
				{
					"look_at_target": "controller.animation.humanoid.look_at_target"
				},
				{
					"move": "controller.animation.humanoid.move"
				},
				{
					"attack": "controller.animation.humanoid.attack"
				}
			],
			"spawn_egg": {
				"texture": "orange",
				"texture_index": 0
			},
			"render_controllers": [
				"controller.render.obody",
				"controller.render.oleye",
				"controller.render.oteth",
				"controller.render.oreyz"
			],
			"enable_attachables": true
		}
	}
}