{
	"format_version": "1.8.0",
	"minecraft:client_entity": {
		"description": {
			"identifier": "craft:red",
			"materials": {
				"default": "skeleton"
			},
			"textures": {
				"default": "textures/entity/red/body/es",
				"leye": "textures/entity/red/lefteye/eye",
				"head": "textures/entity/red/head/hed",
				"reye": "textures/entity/red/righteye/eyr"
			},
			"geometry": {
				"default": "geometry.rbody",
				"leye": "geometry.rleye",
				"head": "geometry.rhead",
				"reye": "geometry.rreyz"
			},
			"scripts": {
				"pre_animation": [
					"variable.tcos0 = (Math.cos(query.modified_distance_moved * 38.17) * query.modified_move_speed / variable.gliding_speed_value) * 57.3;"
				]
			},
			"animations": {
				"look_at_target_default": "animation.humanoid.look_at_target.default",
				"move": "animation.humanoid.move",
				"attack.rotations": "animation.humanoid.attack.rotations"
			},
			"animation_controllers": [
				{
					"look_at_target": "controller.animation.humanoid.look_at_target"
				},
				{
					"move": "controller.animation.humanoid.move"
				},
				{
					"attack": "controller.animation.humanoid.attack"
				}
			],
			"spawn_egg": {
				"texture": "red",
				"texture_index": 0
			},
			"render_controllers": [
				"controller.render.rbody",
				"controller.render.rleye",
				"controller.render.rhead",
				"controller.render.rreye"
			],
			"enable_attachables": true
		}
	}
}